covariate,coef,exp(coef),se(coef),coef lower 95%,coef upper 95%,exp(coef) lower 95%,exp(coef) upper 95%,cmp to,z,p,-log2(p)
L0_S0__mean,-1.2406037885989287,0.28920954378598684,0.23302780484181282,-1.6973298934853103,-0.7838776837125472,0.1831719603186713,0.45663189972626356,0.0,-5.323844463286656,1.015967859794235e-07,23.230641901125963
L0_S0__std,0.07149877440279154,1.0741168342659135,0.21893930446592158,-0.35761437715066413,0.5006119259562473,0.6993427055421101,1.649730474787883,0.0,0.3265689300384184,0.7439939463822741,0.42663721220970524
L0_S0__notna,0.006309716071181914,1.006329664263371,0.0029342923207362637,0.0005586088024263835,0.012060823339937445,1.0005587648533794,1.0121338483550526,0.0,2.150336565512566,0.031528602052502255,4.98719498602793
L0_S0__abs_sum,0.01950536227636195,1.0196968347422315,0.02203982176746455,-0.02369189461355049,0.06270261916627438,0.9765865549874373,1.064710167750263,0.0,0.885005445241667,0.37615369451632474,1.4106058345520647
L0_S1__mean,0.03989556126975485,1.0407020789128034,0.23197689510258943,-0.41477079837674646,0.49456192091625617,0.6604916491155002,1.6397797284853122,0.0,0.1719807537389077,0.863452659839409,0.21181101300709715
L0_S1__std,-0.027491474432400458,0.9728829768976829,0.18994309312504343,-0.39977309606962314,0.3447901472048222,0.6704721615458461,1.4116936407248233,0.0,-0.1447353203535664,0.884919851160022,0.17638130135301375
L0_S1__notna,0.03673345117544837,1.0374164618430821,0.01759944574180737,0.002239171373639111,0.07122773097725763,1.0022416801900664,1.073825741410915,0.0,2.087193637478497,0.03687063438991342,4.761383950362023
L0_S1__abs_sum,0.03473015758720283,1.0353402923795565,0.13445297342201887,-0.22879282793427524,0.2982531431086809,0.7954933204293445,1.3475028557701059,0.0,0.2583070995253661,0.7961699075192255,0.32885175133203376
L0_S2__mean,-0.14104622698351546,0.8684491649845105,0.4662096102695175,-1.0548002723582248,0.7727078183911938,0.34826197790394464,2.1656224337252037,0.0,-0.30253822288643106,0.7622418000850597,0.3916793695477157
L0_S2__std,0.04461126915359341,1.0456213156366387,0.22431640793495586,-0.39504081154031484,0.4842633498475017,0.6736525458898135,1.6229790006501743,0.0,0.19887653143290865,0.8423593280078456,0.24749231509772515
L0_S2__notna,0.005225927385242729,1.005239606361826,0.003956576392731559,-0.002528819846592531,0.01298067461707799,0.997474374924748,1.0130652892959924,0.0,1.3208205444593553,0.1865612077995828,2.422279061180419
L0_S2__abs_sum,-0.0240664773408178,0.9762208110372173,0.040528689896537524,-0.10350124987862372,0.05536829519698811,0.9016748957569733,1.0569298051733984,0.0,-0.5938133554836142,0.5526369553442885,0.8555960551595452
L0_S3__mean,-0.5732444086118411,0.5636936162930425,0.419605668927763,-1.3956564074190942,0.24916759019541201,0.24767041030377718,1.2829570260726533,0.0,-1.3661502955302725,0.17189179464218526,2.5404274163399543
L0_S3__std,0.062072465083412985,1.0640394476416934,0.22492806920507635,-0.37877844967066954,0.5029233798374955,0.6846972907737531,1.6535481612001153,0.0,0.27596584678286157,0.7825742982884466,0.35370036561043605
L0_S3__notna,0.004610162272065559,1.004620805419413,0.003982185579489981,-0.0031947780434895684,0.012415102587620687,0.9968103198295813,1.0124924898992798,0.0,1.157696491045002,0.24698791643022705,2.017487633371426
L0_S3__abs_sum,-0.004201251908490108,0.9958075610042341,0.03999737248672655,-0.0825946614587074,0.0741921576417272,0.9207242766283722,1.0770137420341417,0.0,-0.10503819744370277,0.9163454991738651,0.12603643983468663
L0_S4__mean,-1.2314876015365004,0.2918580860485296,0.5644298529458605,-2.337749785109626,-0.12522541796337494,0.09654464017533242,0.8822979943497169,0.0,-2.1818257753539188,0.02912239350751342,5.10172725733171
L0_S4__std,0.7752695877674552,2.1711773711528286,0.675260337062147,-0.5482163530627305,2.098755528597641,0.5779798034416466,8.156013668533038,0.0,1.1481047311921475,0.2509253312895295,1.9946699745545111
L0_S4__notna,-0.006513398788010929,0.9935077674143035,0.017107667887112335,-0.04004381170622355,0.02701701413020169,0.96074734624976,1.027385282681753,0.0,-0.38072978917936834,0.7034037621387315,0.5075750436824931
L0_S4__abs_sum,1.1192070021205967,3.0624247438145304,0.4478068458692387,0.24152171218640972,1.9968922920547836,1.2731850982496145,7.366128714843629,0.0,2.4993074859052276,0.012443628867411403,6.328448917685135
L0_S5__mean,-0.8890925355048832,0.4110285774046663,0.2064523354396917,-1.2937316774908612,-0.48445339351890526,0.27424547555295203,0.6160338328377765,0.0,-4.306526896929207,1.658377728831759e-05,15.879867827406347
L0_S5__std,0.06519046019174571,1.067362295053471,0.20039149461365463,-0.32756965205916955,0.457950572442661,0.7206730931624333,1.5808308645221378,0.0,0.3253155046197437,0.7449422975290794,0.42479941467186183
L0_S5__notna,0.05018780062017002,1.0514685442797294,0.017068468940123906,0.01673421622628661,0.08364138501405342,1.0168750175259642,1.0872389237170967,0.0,2.940380932597326,0.0032780896270570127,8.252928984604523
L0_S5__abs_sum,-0.14845187094996942,0.862041495410357,0.1253010527550636,-0.39403742157484734,0.09713367967490852,0.6743288213218231,1.102007679803253,0.0,-1.184761561741709,0.23611173433137797,2.082458352172954
L0_S6__mean,-0.37477164976690736,0.6874462393782975,0.25506260009335974,-0.8746851597530351,0.12514186021922036,0.4169932852824976,1.1333092131572489,0.0,-1.4693320370361271,0.1417427513160537,2.8186531368470407
L0_S6__std,0.05414073215680931,1.055633153232332,0.11383959515524424,-0.1689807743620898,0.27726223867570843,0.8445251397644997,1.3195123528400607,0.0,0.47558788383757894,0.6343680089278803,0.6566080768795716
L0_S6__notna,0.0037501253291020845,1.0037571658472848,0.011740496325035658,-0.019260824628592663,0.026761075286796835,0.980923479871729,1.0271223685271798,0.0,0.31941795519370386,0.7494095971194261,0.41617364160257936
L0_S6__abs_sum,0.010926787452255922,1.010986702822921,0.05146610954595318,-0.0899449336822054,0.11179850858671724,0.9139815134820005,1.118287512611588,0.0,0.21231034458704492,0.8318649255770822,0.2655788057281888
L0_S7__mean,0.21909134510062472,1.24494499111931,0.3464276652696092,-0.4598944020761067,0.8980770922773562,0.6313503112691004,2.454878065708992,0.0,0.632430279291106,0.5271057534177024,0.923835655557752
L0_S7__std,-0.10405888507085959,0.9011722302681525,0.11352600901617498,-0.32656577405113196,0.11844800390941282,0.7213969242899306,1.1257483380676114,0.0,-0.9166083259038329,0.3593479198994979,1.4765467599046964
L0_S7__notna,0.026144933426393017,1.0264897103637767,0.011740390492492913,0.0031341908966704413,0.04915567595611559,1.0031391076082545,1.0503838575239688,0.0,2.226921961676719,0.025952489792174713,5.267983237375953
L0_S7__abs_sum,-0.021984996605060588,0.9782549120859045,0.05533299494056009,-0.1304356738452954,0.08646568063517422,0.8777129510319277,1.0903139481935131,0.0,-0.3973216455873634,0.691130287433478,0.5329703910522998
L0_S8__mean,-1.2599554463411562,0.28366666460603157,0.22203411504893716,-1.6951343151762959,-0.8247765775060165,0.18357457052094614,0.43833291495855314,0.0,-5.674602959385125,1.390106897171226e-08,26.100228930762334
L0_S8__std,-0.005051333001829156,0.9949614035262128,0.22591826616381333,-0.44784299813263717,0.4377403321289789,0.6390050011351562,1.5492025770506712,0.0,-0.022359117248918838,0.9821614919008842,0.02596783571466643
L0_S8__notna,0.02677920751830528,1.027140992716602,0.011703693332073193,0.0038403901013402443,0.04971802493527032,1.0038477738485363,1.0509747059298964,0.0,2.28809887259423,0.022131763893759877,5.497737751768693
L0_S8__abs_sum,-0.008744357183990886,0.9912937635127061,0.12722199925766373,-0.2580948937701933,0.24060617940221152,0.7725219211109534,1.2720199889810633,0.0,-0.06873305902292001,0.9452021031243494,0.08130525549975233
L0_S9__mean,0.7766012323878777,2.1740705337237625,0.9683445819922364,-1.121319272941399,2.6745217377171544,0.3258496263357506,14.505410789502411,0.0,0.8019885140371489,0.4225596023971082,1.2427732457573895
L0_S9__std,0.008468043891431475,1.0085039991938054,0.6922444004338927,-1.3483060494585215,1.3652421372413845,0.2596797729767638,3.916671309170112,0.0,0.01223273729065021,0.9902399311959307,0.01414996807082245
L0_S9__notna,0.005800908822820614,1.0058177666755979,0.0032606672451971574,-0.0005898815433352479,0.012191699188976477,0.9994102924025782,1.0122663209003366,0.0,1.7790557535011091,0.07523062179363361,3.7325361752450426
L0_S9__abs_sum,-0.03182146650714194,0.968679508378261,0.08713679931616627,-0.20260645489492224,0.13896352188063837,0.8165995469518661,1.1490821828820572,0.0,-0.3651897563012529,0.7149697643328159,0.48404586246408626
L0_S10__mean,2.214764779664764,9.159254415310466,1.04876852120034,0.15921624999276585,4.270313309336762,1.1725914921668232,71.54404752618575,0.0,2.11177655974067,0.03470561872381091,4.8486869405513895
L0_S10__std,1.495362619435957,4.460953888174251,0.8100731001881861,-0.09235148177759456,3.0830767206495087,0.9117846175396546,21.82545001265224,0.0,1.8459600980313666,0.06489799937515174,3.9456821851409885
L0_S10__notna,0.0014609016048909619,1.0014619692414812,0.003237185846473347,-0.004883866065459608,0.007805669275241531,0.9951280406169792,1.0078362129311635,0.0,0.45128753002627153,0.6517823311473374,0.6175378516044105
L0_S10__abs_sum,0.10023455240091834,1.1054301689706787,0.11564711778461559,-0.12642963337278978,0.32689873817462645,0.8812361569780051,1.3866610542411535,0.0,0.8667276307533921,0.3860912624005812,1.3729861897502718
L0_S11__mean,0.4139515142832496,1.512783776700489,0.38379272528650915,-0.3382684048067832,1.1661714333732824,0.7130038885422378,3.209680608793237,0.0,1.0785809292612993,0.2807745865833636,1.8325157342782123
L0_S11__std,0.0019897052808258505,1.001991686057881,0.3524068402588599,-0.6887150095320995,0.6926944200937513,0.50222100381249,1.9990946840287176,0.0,0.005646046141908925,0.9954951308880502,0.006513835356293385
L0_S11__notna,0.0018276318305987071,1.0018293029675722,0.003269210349525101,-0.004579902712356093,0.008235166373553506,0.9954305690494217,1.008269168630144,0.0,0.5590438164568384,0.5761318169865902,0.7955291617685925
L0_S11__abs_sum,0.05384589620157745,1.0553219605008817,0.032809753258374603,-0.01046003852648246,0.11815183092963737,0.9895944774312615,1.1254149711974153,0.0,1.641155170462412,0.10076520879814635,3.3109304893676694
L0_S12__mean,0.5888727460700796,1.8019560081018398,0.40530411523517373,-0.2055087225767328,1.3832542147168918,0.8142329923264248,3.9878578806501883,0.0,1.4529157833208575,0.14624713815196128,2.7735197014006885
L0_S12__std,0.2966191669893461,1.3453028661377782,0.2923222597922964,-0.27632193408291605,0.8695602680616082,0.7585686823343282,2.385861483325593,0.0,1.0146992131221986,0.3102492293438879,1.6885004681679336
L0_S12__notna,0.0066953911032300506,1.0067178553418783,0.0035410833233976984,-0.00024500467688483903,0.01363578688334494,0.99975502533431,1.0137291782306883,0.0,1.8907747973594047,0.058654412836375056,4.091616536974259
L0_S12__abs_sum,0.02617177891007602,1.0265172673464356,0.030632670028495186,-0.0338671510960741,0.08621070891622615,0.9666999211322702,1.0900359844099068,0.0,0.8543747210324942,0.3928973978327125,1.3477754820570977
L0_S13__mean,-0.7953007617349246,0.4514454369893522,0.27994378740647397,-1.343980502747351,-0.24662102072249803,0.26080546282155315,0.7814367857699058,0.0,-2.8409302063923296,0.0044982155723329725,7.796431482220587
L0_S13__std,0.31188019216716933,1.3659910268008404,0.21272935136056462,-0.10506167495410407,0.7288220592884427,0.9002689968249483,2.0726377248146344,0.0,1.466089141777852,0.14262400344853726,2.8097112888282774
L0_S13__notna,0.040172346619380274,1.04099016986941,0.021246499940386184,-0.0014700280613090533,0.0818147213000696,0.998531051900685,1.0852547166179916,0.0,1.8907747973594038,0.05865441283637509,4.091616536974258
L0_S13__abs_sum,0.23101256998113348,1.2598750759556343,0.1446885140742534,-0.05257170658101992,0.5145968465432869,0.9487862843959198,1.6729639046424662,0.0,1.5966199629542053,0.1103504462571262,3.179835631000319
L0_S16__mean,0.9425022461269578,2.566395142930655,0.4296702263928962,0.10036407716770979,1.7846404150862059,1.1055733588286352,5.957437357785456,0.0,2.1935479542981438,0.028267923522102254,5.144690278816157
L0_S16__std,-0.2335725218275339,0.7917001781144812,0.44495746541882125,-1.10567312870065,0.6385280850455823,0.3309880097105404,1.893691474125146,0.0,-0.5249322462938815,0.5996302918837386,0.7378548282684152
L0_S16__notna,0.03306161886841612,1.033614227418161,0.025271868448190984,-0.016470333112072355,0.08259357084890459,0.9836645612240995,1.0861002960112207,0.0,1.3082380092391919,0.1907925937977789,2.3899229251089116
L0_S16__abs_sum,0.2906129798703482,1.3372469423026412,0.29370854987263634,-0.28504519983150534,0.8662711595722017,0.7519802641699781,2.3780270173334643,0.0,0.9894604021448115,0.3224379344862991,1.6329066094712454
L0_S17__mean,-0.6210569384221225,0.5373761638177106,0.2497839853257614,-1.1106245535754962,-0.1314893232687488,0.32935319810939917,0.8767886363244572,0.0,-2.486376128606312,0.01290514881584644,6.275909411795319
L0_S17__std,0.34394980447985307,1.4105078325563714,0.3468700473288947,-0.3359029956004845,1.0238026045601907,0.7146924307636751,2.7837602023810217,0.0,0.9915811616727093,0.32140188259934016,1.6375497153181093
L0_S17__notna,0.0367117531961593,1.0373939522463862,0.02528766460418145,-0.012851158681164668,0.08627466507348326,0.9872310648590896,1.0901057011521256,0.0,1.4517652685922138,0.1465668841479981,2.770368922332426
L0_S17__abs_sum,-0.12619496811809452,0.8814429767509873,0.1553393870491329,-0.43065457211492264,0.17826463587873362,0.6500834289390819,1.1951415567254018,0.0,-0.812382297338278,0.4165723009125618,1.2633611812520256
L0_S18__mean,-0.12122212731766407,0.8858371691031529,0.5784743490452462,-1.255011017426599,1.0125667627912707,0.28507270743952234,2.7526573736672497,0.0,-0.20955488781436446,0.8340150920907418,0.26185460439791847
L0_S18__std,-0.07048704360165553,0.9319398140310428,0.35202683141164604,-0.760446954760235,0.6194728675569241,0.46745744797972016,1.8579483987896446,0.0,-0.20023202015311956,0.8412991257621196,0.24930924978657604
L0_S18__notna,0.03442403191723698,1.0350233966463431,0.016486287067937207,0.0021115030252916098,0.06673656080918236,1.0021137338176365,1.0690138209404907,0.0,2.0880403074010148,0.03679419888190734,4.764377866536817
L0_S18__abs_sum,-0.11909765437073402,0.8877211066829307,0.1701275965487402,-0.4525416163826257,0.2143463076411576,0.636009603201472,1.23905167356527,0.0,-0.7000490031410835,0.48389670212392355,1.0472289879637724
L0_S19__mean,0.7535842205280117,2.1246014259560138,0.47497517154807434,-0.17735000925694788,1.684518450312971,0.8374866051538667,5.389854824418365,0.0,1.5865760268518332,0.11260870056044271,3.1506097952625187
L0_S19__std,0.315620328359957,1.3711095853654771,0.24697690207359224,-0.1684455047175596,0.7996861614374736,0.8449773094414132,2.2248425775170912,0.0,1.2779345991873805,0.20127248727346664,2.312778116800328
L0_S19__notna,0.012663363530564584,1.0127438834438536,0.016490282944157202,-0.01965699713485866,0.044983724195987826,0.9805349419273606,1.0460108351028243,0.0,0.7679288204725097,0.4425294739881348,1.1761545480297368
L0_S19__abs_sum,0.1417846805966756,1.1523285031369748,0.11312832712829086,-0.07994276620604007,0.36351212739939126,0.9231691813493642,1.4383723005148557,0.0,1.2533083816919486,0.21009349926671378,2.250896572194676
L0_S21__mean,-1.5789700430171256,0.20618735298345997,1.1153016886156109,-3.7649211846004293,0.6069810985661779,0.02316943827187941,1.8348836959903312,0.0,-1.4157335715837136,0.15685352521677978,2.6725101413793237
L0_S21__std,0.033418234021850984,1.0339828956468955,0.7779793221143109,-1.4913932180390839,1.5582296860827858,0.22505888091921,4.7504040903594635,0.0,0.042955169979364494,0.9657372700174547,0.050297339363867044
L0_S21__notna,0.00646900565184141,1.0064899748611618,0.004172777244322305,-0.0017094874625386029,0.014647498766221421,0.9982919728788902,1.0147552990681203,0.0,1.5502877994849762,0.12107245435285892,3.0460574254693253
L0_S21__abs_sum,0.007718235540070603,1.0077480978987958,0.0784761668621426,-0.14609222515448456,0.16152869623462573,0.8640780097818923,1.1753061845364914,0.0,0.09835133198629671,0.9216533186907357,0.11770391414702627
L0_S23__mean,-0.05547471773338094,0.9460359413009866,0.7652325962190646,-1.555303046118829,1.4443536106520671,0.21112539221473878,4.239111140752516,0.0,-0.07249392930656091,0.9422088364710715,0.08588123255546827
L0_S23__std,0.11067061339326599,1.1170269125472327,0.5527684897892077,-0.9727357183821776,1.1940769451687097,0.37804739093310014,3.300509812473767,0.0,0.2002115088641703,0.8413151666296254,0.2492817424961561
L0_S23__notna,0.0016132631358119472,1.0016145651448516,0.004241513241717254,-0.006699950057903605,0.009926476329527499,0.9933224445652881,1.009975907218485,0.0,0.38035084270037267,0.7036849992581792,0.5069983360659227
L0_S23__abs_sum,0.02417628621537251,1.0244709020709883,0.04934947894538205,-0.07254691517339401,0.12089948760413902,0.930022113488043,1.1285114772742855,0.0,0.4898995233998279,0.6242050003131085,0.6799081806003925
L1_S24__mean,-11.86592785214032,7.025755162079802e-06,0.910672186740539,-13.650812539874112,-10.081043164406529,1.1790370170957827e-06,4.186572167096003e-05,0.0,-13.029856434520779,8.276323004175836e-39,126.50620574953328
L1_S24__std,-1.4521140038964364,0.2340749293703952,0.33618820821322226,-2.1110307840214046,-0.793197223771468,0.12111306066129107,0.45239606909931945,0.0,-4.319348413836856,1.5649055508584375e-05,15.963564887834867
L1_S24__notna,-0.005893978848263385,0.9941233565701504,0.0008545197851151097,-0.007568806851165906,-0.004219150845360864,0.9924597644384424,0.9957897372670775,0.0,-6.8974164799114925,5.295675808700176e-12,37.45832233287339
L1_S24__abs_sum,-0.03761384755338524,0.9630847666348022,0.009551637714024612,-0.05633471346624797,-0.018892981640522506,0.9452227041686827,0.9812843720673957,0.0,-3.937947468229145,8.218158001211727e-05,13.5708254066018
L1_S25__mean,1.0206978621866574,2.7751307471724718,1.5336272399001747,-1.9851562937272544,4.026552018100569,0.1373591440665822,56.067258690611524,0.0,0.6655449483624819,0.5057020043243904,0.9836405983617976
L1_S25__std,-3.403607932310031,0.03325307841320747,0.45462338221480986,-4.294653387980846,-2.512562476639216,0.013641299116174715,0.08106025786384215,0.0,-7.486653932599146,7.06516702918584e-14,43.6862696603862
L1_S25__notna,-0.011257866611080115,0.9888052660341757,0.0012792035762988266,-0.01376505954952065,-0.00875067367263958,0.9863292456810797,0.9912875020366768,0.0,-8.800684128520789,1.3598460300207831e-18,59.35126239789436
L1_S25__abs_sum,-0.09933327823392438,0.9054408939902462,0.015454332026119589,-0.1296232124102427,-0.06904334405760607,0.8784263487205,0.9332862267895267,0.0,-6.4275361798905175,1.296887353568398e-10,32.84422777499409
L2_S26__mean,2.1354565558504697,8.460908502463216,0.45913259672067697,1.23557320214959,3.0353399095513494,3.440349971630272,20.80804955233422,0.0,4.651067188657093,3.302217114545815e-06,18.20813359147725
L2_S26__std,-0.7207959866646508,0.48636496181617467,0.2708984710311567,-1.2517472333526851,-0.18984473997661655,0.28600464319323604,0.8270875376055554,0.0,-2.6607606308038196,0.007796436151409996,7.0029694839745025
L2_S26__notna,-0.00934488445157857,0.9906986432883732,0.002574109254933129,-0.014390045883518734,-0.004299723019638404,0.9857129959755877,0.9957095075550073,0.0,-3.6303371481492666,0.00028305124880064283,11.78664909081479
L2_S26__abs_sum,-0.08126426465709873,0.9219500204431947,0.027598240791589883,-0.1353558226452791,-0.027172706668918363,0.8734050790850342,0.9731931500623349,0.0,-2.9445450987536383,0.0032342980623128784,8.272331645675571
L2_S27__mean,1.5598498476893732,4.758106750774869,0.5316312155626263,0.5178718121293757,2.6018278832493706,1.6784517852620489,13.488370682172897,0.0,2.934082503109945,0.0033453527251102485,8.22362595184043
L2_S27__std,-0.9192236233931459,0.39882856208228185,0.3500819455008899,-1.605371628212604,-0.23307561857368775,0.20081491255447165,0.7920936742657192,0.0,-2.625738445545771,0.008646122699133698,6.85373097466287
L2_S27__notna,-0.007039406783213791,0.9929853118053075,0.00327930540053782,-0.013466727262575615,-0.0006120863038519674,0.9866235434377031,0.999388100982756,0.0,-2.146615189320061,0.03182392965555952,4.973744197457487
L2_S27__abs_sum,-0.1106395320668359,0.8952614038000394,0.034983166290547096,-0.1792052780614839,-0.04207378607218791,0.8359342828139744,0.9587990319478,0.0,-3.162650605949643,0.001563398444625595,9.321098777067533
L3_S29__mean,1.6353013443577715,5.13100396317538,0.377778508918935,0.8948690727434153,2.375733615972128,2.4470153874765894,10.758903194830575,0.0,4.328730475000842,1.4997133437380634e-05,16.024953705108228
L3_S29__std,0.8273565759511615,2.287264531800053,0.3376455601186685,0.1655834385787177,1.4891297133236052,1.1800814229284131,4.4332356537298665,0.0,2.450370073459221,0.014270945568333483,6.13077526129946
L3_S29__notna,0.008484626174372675,1.0085207226311235,0.001231190346788766,0.0060715374365533144,0.010897714912192035,1.0060900065797533,1.0109573112987442,0.0,6.891400827258414,5.5245630377307254e-12,37.39727677880111
L3_S29__abs_sum,0.029198389874830737,1.029628842151242,0.00871343615681919,0.012120368825876023,0.046276410923785455,1.0121941181512673,1.0473638737656403,0.0,3.35096158958827,0.0008053147171575061,10.278159680606391
L3_S30__mean,-1.1250255387837236,0.3246441762350736,0.4015107468487998,-1.9119721420131501,-0.338078935554297,0.1477886388223133,0.7131389936547479,0.0,-2.8019811365282927,0.00507898432876416,7.621244262144492
L3_S30__std,-0.07015295302378564,0.9322512183577816,0.35680926407153346,-0.7694862599542327,0.6291803539066614,0.4632509977778477,1.8760722336238593,0.0,-0.19661191591068475,0.8441312450766554,0.2444607690583226
L3_S30__notna,0.00010303615773648084,1.0001030414661436,0.0006742646469630579,-0.001218498266359727,0.0014245705818326888,0.9987822438012194,1.0014255857645131,0.0,0.15281263551420643,0.8785460330711677,0.18681021395413475
L3_S30__abs_sum,-0.01182966261108967,0.988240032752734,0.010344738446720424,-0.032104977396148524,0.00844565217396918,0.9684049161164655,1.0084814173100205,0.0,-1.1435439061139345,0.25281283615395345,1.9838583790562163
L3_S32__mean,1.575047190999793,4.830969591016071,0.6491366699622299,0.3027626968295589,2.847331685170027,1.3535932143657086,17.241714084876126,0.0,2.4263722323550714,0.015250619238653024,6.034988366483051
L3_S32__notna,1.0144195445619815,2.7577621746509826,0.055850120777916824,0.9049553193050524,1.1238837698189106,2.471821477888688,3.0767805361217913,0.0,18.163247105511786,1.0087773070637126e-73,242.48814319976046
L3_S32__abs_sum,4.4888534776679805,89.01932470398721,1.0011883792876533,2.5265603125241527,6.451146642811809,12.510400176847517,633.428192442584,0.0,4.483525349007552,7.341987635522712e-06,17.055397884495143
L3_S33__mean,0.021901362433946966,1.0221429578043555,0.2530448962083691,-0.4740575206061326,0.5178602454740265,0.6224714466029974,1.6784323713010059,0.0,0.086551290945273,0.9310281847268446,0.10310325218367171
L3_S33__std,-1.1936174956815728,0.30312273312114885,0.3825947405524194,-1.943489407838761,-0.44374558352438476,0.14320338193946502,0.6416286409609809,0.0,-3.1197958810362554,0.0018097640129959946,9.109982697561705
L3_S33__notna,-0.12291025247266937,0.8843430265993538,0.0048200545316080595,-0.13235738575814024,-0.1134631191871985,0.8760278592469337,0.8927371206746729,0.0,-25.499763885796586,1.9831700643421023e-143,474.04790916945876
L3_S33__abs_sum,-0.06714875464448226,0.9350560970535408,0.04668087847434965,-0.15864159522089866,0.024344085931934115,0.8533021317326788,1.024642822421671,0.0,-1.4384638172861155,0.1503024966671361,2.734059120900017
L3_S35__mean,-1.2951608320040258,0.2738538163312858,0.7264051093830719,-2.718888684580725,0.12856702057267366,0.0659480027501952,1.1371976343739636,0.0,-1.7829731857255133,0.07459066834380394,3.7448610361870944
L3_S35__std,0.22499668521412708,1.2523185650170965,0.43268936754359366,-0.6230588916647307,1.0730522620929848,0.5363014379984168,2.9242915964195295,0.0,0.5199958725388799,0.6030664518756135,0.7296111134763199
L3_S35__notna,0.004720439327492058,1.0047315981524907,0.003754378269819848,-0.0026380068656946453,0.012078885520678762,0.9973654696167502,1.0121521298646574,0.0,1.2573158558470363,0.20863928471008553,2.260917266270637
L3_S35__abs_sum,0.0606622556514243,1.0625399867020981,0.10039713827354377,-0.1361125195156093,0.2574370308184579,0.8727444261836752,1.2936103508305772,0.0,0.6042229558988312,0.5456954207427973,0.8738321576444202
L3_S36__mean,-0.6671814038508032,0.5131529121548394,0.4397416185658357,-1.529059138743191,0.1946963310415848,0.21673949320700803,1.2149419902974932,0.0,-1.51721232578971,0.12921308532555112,2.9521759166638795
L3_S36__std,0.08726904804843247,1.091190222827827,0.36891940532965856,-0.6357996995956323,0.8103377956924973,0.5295118685287127,2.248667448575758,0.0,0.23655315168485294,0.8130034682118803,0.29866658814498304
L3_S36__notna,0.010019622257063859,1.0100699867426466,0.0037472099334129347,0.0026752257450637727,0.017364018769063946,1.0026788073546165,1.0175156497124034,0.0,2.673888689214178,0.007497733316127436,7.0593297727654445
L3_S36__abs_sum,-0.031197637800996728,0.9692839869885933,0.06853664171333054,-0.1655269871804501,0.10313171157845667,0.8474469926914051,1.1086374198446458,0.0,-0.4551964762365751,0.6489678953591391,0.623780985463879
